"poll_id","pollster_id","pollster","start_date","end_date","sample_size","methodology","population","state","candidate_name","candidate_id","pct"
1,3,"Pollster 3",2024-10-14,2024-10-17,1437,"Online Panel","rv","Tennessee","Donald Trump",16651,14.1809739900489
1,3,"Pollster 3",2024-10-14,2024-10-17,1437,"Online Panel","rv","Tennessee","Kamala Harris",16661,29.7161430285443
1,3,"Pollster 3",2024-10-14,2024-10-17,1437,"Online Panel","rv","Tennessee","Jill Stein",31116,14.0790898337365
1,3,"Pollster 3",2024-10-14,2024-10-17,1437,"Online Panel","rv","Tennessee","Cornel West",31097,21.04314822734
1,3,"Pollster 3",2024-10-14,2024-10-17,1437,"Online Panel","rv","Tennessee","Chase Oliver",31790,17.784137810578
1,3,"Pollster 3",2024-10-14,2024-10-17,1437,"Online Panel","rv","Tennessee","Robert F. Kennedy",31042,3.19650710975233
2,5,"Pollster 5",2024-10-19,2024-10-22,1452,"IVR/Live Phone","lv","Delaware","Donald Trump",16651,22.3126501662397
2,5,"Pollster 5",2024-10-19,2024-10-22,1452,"IVR/Live Phone","lv","Delaware","Kamala Harris",16661,24.110191628115
2,5,"Pollster 5",2024-10-19,2024-10-22,1452,"IVR/Live Phone","lv","Delaware","Jill Stein",31116,18.513721997107
2,5,"Pollster 5",2024-10-19,2024-10-22,1452,"IVR/Live Phone","lv","Delaware","Cornel West",31097,20.217730374166
2,5,"Pollster 5",2024-10-19,2024-10-22,1452,"IVR/Live Phone","lv","Delaware","Chase Oliver",31790,9.83965685390439
2,5,"Pollster 5",2024-10-19,2024-10-22,1452,"IVR/Live Phone","lv","Delaware","Robert F. Kennedy",31042,5.00604898046779
3,9,"Pollster 9",2024-10-30,2024-11-02,1431,"Live Phone","a","Pennsylvania","Donald Trump",16651,16.8374422965507
3,9,"Pollster 9",2024-10-30,2024-11-02,1431,"Live Phone","a","Pennsylvania","Kamala Harris",16661,12.2571294379217
3,9,"Pollster 9",2024-10-30,2024-11-02,1431,"Live Phone","a","Pennsylvania","Jill Stein",31116,7.55666453720983
3,9,"Pollster 9",2024-10-30,2024-11-02,1431,"Live Phone","a","Pennsylvania","Cornel West",31097,21.9368844809676
3,9,"Pollster 9",2024-10-30,2024-11-02,1431,"Live Phone","a","Pennsylvania","Chase Oliver",31790,21.8933855369485
3,9,"Pollster 9",2024-10-30,2024-11-02,1431,"Live Phone","a","Pennsylvania","Robert F. Kennedy",31042,19.5184937104016
4,7,"Pollster 7",2024-10-09,2024-10-10,1546,"IVR/Online","lv","Colorado","Donald Trump",16651,4.57362882329498
4,7,"Pollster 7",2024-10-09,2024-10-10,1546,"IVR/Online","lv","Colorado","Kamala Harris",16661,21.0466238056701
4,7,"Pollster 7",2024-10-09,2024-10-10,1546,"IVR/Online","lv","Colorado","Jill Stein",31116,7.74900451944663
4,7,"Pollster 7",2024-10-09,2024-10-10,1546,"IVR/Online","lv","Colorado","Cornel West",31097,4.78495465480281
4,7,"Pollster 7",2024-10-09,2024-10-10,1546,"IVR/Online","lv","Colorado","Chase Oliver",31790,28.2639169564396
4,7,"Pollster 7",2024-10-09,2024-10-10,1546,"IVR/Online","lv","Colorado","Robert F. Kennedy",31042,33.5818712403459
5,5,"Pollster 5",2024-10-08,2024-10-12,640,"Online Panel","lv","Montana","Donald Trump",16651,14.6140393494407
5,5,"Pollster 5",2024-10-08,2024-10-12,640,"Online Panel","lv","Montana","Kamala Harris",16661,25.0685204529376
5,5,"Pollster 5",2024-10-08,2024-10-12,640,"Online Panel","lv","Montana","Jill Stein",31116,20.9067755582142
5,5,"Pollster 5",2024-10-08,2024-10-12,640,"Online Panel","lv","Montana","Cornel West",31097,23.5968299946535
5,5,"Pollster 5",2024-10-08,2024-10-12,640,"Online Panel","lv","Montana","Chase Oliver",31790,0.0207589908121713
5,5,"Pollster 5",2024-10-08,2024-10-12,640,"Online Panel","lv","Montana","Robert F. Kennedy",31042,15.7930756539419
6,10,"Pollster 10",2024-10-28,2024-11-01,1273,"IVR/Online","rv","Massachusetts","Donald Trump",16651,26.4536761970401
6,10,"Pollster 10",2024-10-28,2024-11-01,1273,"IVR/Online","rv","Massachusetts","Kamala Harris",16661,23.9852963000378
6,10,"Pollster 10",2024-10-28,2024-11-01,1273,"IVR/Online","rv","Massachusetts","Jill Stein",31116,23.8085174980426
6,10,"Pollster 10",2024-10-28,2024-11-01,1273,"IVR/Online","rv","Massachusetts","Cornel West",31097,4.70151105261963
6,10,"Pollster 10",2024-10-28,2024-11-01,1273,"IVR/Online","rv","Massachusetts","Chase Oliver",31790,3.51018529262548
6,10,"Pollster 10",2024-10-28,2024-11-01,1273,"IVR/Online","rv","Massachusetts","Robert F. Kennedy",31042,17.5408136596343
7,1,"Pollster 1",2024-10-02,2024-10-06,512,"Online","rv","Wyoming","Donald Trump",16651,16.0033245506844
7,1,"Pollster 1",2024-10-02,2024-10-06,512,"Online","rv","Wyoming","Kamala Harris",16661,8.87730190957626
7,1,"Pollster 1",2024-10-02,2024-10-06,512,"Online","rv","Wyoming","Jill Stein",31116,13.0326280787945
7,1,"Pollster 1",2024-10-02,2024-10-06,512,"Online","rv","Wyoming","Cornel West",31097,25.4583925266757
7,1,"Pollster 1",2024-10-02,2024-10-06,512,"Online","rv","Wyoming","Chase Oliver",31790,12.8803099938299
7,1,"Pollster 1",2024-10-02,2024-10-06,512,"Online","rv","Wyoming","Robert F. Kennedy",31042,23.7480429404392
8,9,"Pollster 9",2024-10-23,2024-10-26,1947,"IVR/Live Phone","a","Vermont","Donald Trump",16651,15.8703087077879
8,9,"Pollster 9",2024-10-23,2024-10-26,1947,"IVR/Live Phone","a","Vermont","Kamala Harris",16661,27.5662579029962
8,9,"Pollster 9",2024-10-23,2024-10-26,1947,"IVR/Live Phone","a","Vermont","Jill Stein",31116,16.9161862700034
8,9,"Pollster 9",2024-10-23,2024-10-26,1947,"IVR/Live Phone","a","Vermont","Cornel West",31097,11.6873882710932
8,9,"Pollster 9",2024-10-23,2024-10-26,1947,"IVR/Live Phone","a","Vermont","Chase Oliver",31790,18.7193824060403
8,9,"Pollster 9",2024-10-23,2024-10-26,1947,"IVR/Live Phone","a","Vermont","Robert F. Kennedy",31042,9.24047644207911
9,7,"Pollster 7",2024-10-03,2024-10-05,1608,"Online","a","Florida","Donald Trump",16651,16.3578371777676
9,7,"Pollster 7",2024-10-03,2024-10-05,1608,"Online","a","Florida","Kamala Harris",16661,11.5654739129822
9,7,"Pollster 7",2024-10-03,2024-10-05,1608,"Online","a","Florida","Jill Stein",31116,14.6436791779943
9,7,"Pollster 7",2024-10-03,2024-10-05,1608,"Online","a","Florida","Cornel West",31097,18.2381846814387
9,7,"Pollster 7",2024-10-03,2024-10-05,1608,"Online","a","Florida","Chase Oliver",31790,17.4498088014309
9,7,"Pollster 7",2024-10-03,2024-10-05,1608,"Online","a","Florida","Robert F. Kennedy",31042,21.7450162483863
10,4,"Pollster 4",2024-10-14,2024-10-15,1313,"IVR/Online","rv","Wyoming","Donald Trump",16651,22.5645005126751
10,4,"Pollster 4",2024-10-14,2024-10-15,1313,"IVR/Online","rv","Wyoming","Kamala Harris",16661,17.5929523502234
10,4,"Pollster 4",2024-10-14,2024-10-15,1313,"IVR/Online","rv","Wyoming","Jill Stein",31116,11.1772737349453
10,4,"Pollster 4",2024-10-14,2024-10-15,1313,"IVR/Online","rv","Wyoming","Cornel West",31097,5.03859049319141
10,4,"Pollster 4",2024-10-14,2024-10-15,1313,"IVR/Online","rv","Wyoming","Chase Oliver",31790,17.6875323549248
10,4,"Pollster 4",2024-10-14,2024-10-15,1313,"IVR/Online","rv","Wyoming","Robert F. Kennedy",31042,25.93915055404
11,7,"Pollster 7",2024-10-29,2024-10-31,1266,"IVR/Online","rv","Arkansas","Donald Trump",16651,16.9789587309232
11,7,"Pollster 7",2024-10-29,2024-10-31,1266,"IVR/Online","rv","Arkansas","Kamala Harris",16661,4.95452359660895
11,7,"Pollster 7",2024-10-29,2024-10-31,1266,"IVR/Online","rv","Arkansas","Jill Stein",31116,23.2768332638745
11,7,"Pollster 7",2024-10-29,2024-10-31,1266,"IVR/Online","rv","Arkansas","Cornel West",31097,20.1214119592658
11,7,"Pollster 7",2024-10-29,2024-10-31,1266,"IVR/Online","rv","Arkansas","Chase Oliver",31790,18.011528311888
11,7,"Pollster 7",2024-10-29,2024-10-31,1266,"IVR/Online","rv","Arkansas","Robert F. Kennedy",31042,16.6567441374396
12,4,"Pollster 4",2024-10-12,2024-10-16,1862,"Live Phone","a","Missouri","Donald Trump",16651,14.2539387880063
12,4,"Pollster 4",2024-10-12,2024-10-16,1862,"Live Phone","a","Missouri","Kamala Harris",16661,23.0548167861314
12,4,"Pollster 4",2024-10-12,2024-10-16,1862,"Live Phone","a","Missouri","Jill Stein",31116,22.7691819601611
12,4,"Pollster 4",2024-10-12,2024-10-16,1862,"Live Phone","a","Missouri","Cornel West",31097,6.92175070612132
12,4,"Pollster 4",2024-10-12,2024-10-16,1862,"Live Phone","a","Missouri","Chase Oliver",31790,8.1163180404415
12,4,"Pollster 4",2024-10-12,2024-10-16,1862,"Live Phone","a","Missouri","Robert F. Kennedy",31042,24.8839937191384
13,8,"Pollster 8",2024-10-20,2024-10-24,1179,"IVR/Live Phone","lv","Iowa","Donald Trump",16651,37.3391288515977
13,8,"Pollster 8",2024-10-20,2024-10-24,1179,"IVR/Live Phone","lv","Iowa","Kamala Harris",16661,15.4443924699836
13,8,"Pollster 8",2024-10-20,2024-10-24,1179,"IVR/Live Phone","lv","Iowa","Jill Stein",31116,12.2268059433183
13,8,"Pollster 8",2024-10-20,2024-10-24,1179,"IVR/Live Phone","lv","Iowa","Cornel West",31097,7.23859069374318
13,8,"Pollster 8",2024-10-20,2024-10-24,1179,"IVR/Live Phone","lv","Iowa","Chase Oliver",31790,7.30334369019806
13,8,"Pollster 8",2024-10-20,2024-10-24,1179,"IVR/Live Phone","lv","Iowa","Robert F. Kennedy",31042,20.4477383511591
14,3,"Pollster 3",2024-10-29,2024-11-02,1575,"IVR/Live Phone","rv","West Virginia","Donald Trump",16651,18.6655725885688
14,3,"Pollster 3",2024-10-29,2024-11-02,1575,"IVR/Live Phone","rv","West Virginia","Kamala Harris",16661,20.8916144355664
14,3,"Pollster 3",2024-10-29,2024-11-02,1575,"IVR/Live Phone","rv","West Virginia","Jill Stein",31116,6.42370978648556
14,3,"Pollster 3",2024-10-29,2024-11-02,1575,"IVR/Live Phone","rv","West Virginia","Cornel West",31097,21.8521741407335
14,3,"Pollster 3",2024-10-29,2024-11-02,1575,"IVR/Live Phone","rv","West Virginia","Chase Oliver",31790,16.5611512853487
14,3,"Pollster 3",2024-10-29,2024-11-02,1575,"IVR/Live Phone","rv","West Virginia","Robert F. Kennedy",31042,15.605777763297
15,8,"Pollster 8",2024-10-14,2024-10-19,1205,"IVR/Online","lv","Vermont","Donald Trump",16651,23.6898391491696
15,8,"Pollster 8",2024-10-14,2024-10-19,1205,"IVR/Online","lv","Vermont","Kamala Harris",16661,2.5556099650344
15,8,"Pollster 8",2024-10-14,2024-10-19,1205,"IVR/Online","lv","Vermont","Jill Stein",31116,11.3998907881162
15,8,"Pollster 8",2024-10-14,2024-10-19,1205,"IVR/Online","lv","Vermont","Cornel West",31097,17.3562195951646
15,8,"Pollster 8",2024-10-14,2024-10-19,1205,"IVR/Online","lv","Vermont","Chase Oliver",31790,8.64178318911197
15,8,"Pollster 8",2024-10-14,2024-10-19,1205,"IVR/Online","lv","Vermont","Robert F. Kennedy",31042,36.3566573134031
16,4,"Pollster 4",2024-10-13,2024-10-18,897,"Online","a","New York","Donald Trump",16651,25.9497905247965
16,4,"Pollster 4",2024-10-13,2024-10-18,897,"Online","a","New York","Kamala Harris",16661,25.8973735388834
16,4,"Pollster 4",2024-10-13,2024-10-18,897,"Online","a","New York","Jill Stein",31116,19.4539164797258
16,4,"Pollster 4",2024-10-13,2024-10-18,897,"Online","a","New York","Cornel West",31097,6.88572398474489
16,4,"Pollster 4",2024-10-13,2024-10-18,897,"Online","a","New York","Chase Oliver",31790,5.93729032908793
16,4,"Pollster 4",2024-10-13,2024-10-18,897,"Online","a","New York","Robert F. Kennedy",31042,15.8759051427615
17,5,"Pollster 5",2024-10-09,2024-10-11,1775,"Online Panel","a","Michigan","Donald Trump",16651,16.1399929264598
17,5,"Pollster 5",2024-10-09,2024-10-11,1775,"Online Panel","a","Michigan","Kamala Harris",16661,16.6675497118993
17,5,"Pollster 5",2024-10-09,2024-10-11,1775,"Online Panel","a","Michigan","Jill Stein",31116,0.960933935370212
17,5,"Pollster 5",2024-10-09,2024-10-11,1775,"Online Panel","a","Michigan","Cornel West",31097,24.1291883039797
17,5,"Pollster 5",2024-10-09,2024-10-11,1775,"Online Panel","a","Michigan","Chase Oliver",31790,41.7999706476864
17,5,"Pollster 5",2024-10-09,2024-10-11,1775,"Online Panel","a","Michigan","Robert F. Kennedy",31042,0.302364474604616
18,3,"Pollster 3",2024-10-10,2024-10-15,1577,"Online","a","Georgia","Donald Trump",16651,29.1728752642049
18,3,"Pollster 3",2024-10-10,2024-10-15,1577,"Online","a","Georgia","Kamala Harris",16661,34.108701777621
18,3,"Pollster 3",2024-10-10,2024-10-15,1577,"Online","a","Georgia","Jill Stein",31116,6.16471465455675
18,3,"Pollster 3",2024-10-10,2024-10-15,1577,"Online","a","Georgia","Cornel West",31097,17.8316734335568
18,3,"Pollster 3",2024-10-10,2024-10-15,1577,"Online","a","Georgia","Chase Oliver",31790,10.1160382225203
18,3,"Pollster 3",2024-10-10,2024-10-15,1577,"Online","a","Georgia","Robert F. Kennedy",31042,2.60599664754027
19,10,"Pollster 10",2024-10-20,2024-10-25,1419,"Live Phone","lv","South Carolina","Donald Trump",16651,24.2140329262529
19,10,"Pollster 10",2024-10-20,2024-10-25,1419,"Live Phone","lv","South Carolina","Kamala Harris",16661,20.7434460381294
19,10,"Pollster 10",2024-10-20,2024-10-25,1419,"Live Phone","lv","South Carolina","Jill Stein",31116,22.4584401848162
19,10,"Pollster 10",2024-10-20,2024-10-25,1419,"Live Phone","lv","South Carolina","Cornel West",31097,27.0109990264542
19,10,"Pollster 10",2024-10-20,2024-10-25,1419,"Live Phone","lv","South Carolina","Chase Oliver",31790,2.84921583950171
19,10,"Pollster 10",2024-10-20,2024-10-25,1419,"Live Phone","lv","South Carolina","Robert F. Kennedy",31042,2.72386598484563
20,1,"Pollster 1",2024-10-26,2024-10-28,1197,"Live Phone","lv","Missouri","Donald Trump",16651,0.325948110455017
20,1,"Pollster 1",2024-10-26,2024-10-28,1197,"Live Phone","lv","Missouri","Kamala Harris",16661,17.9511414572831
20,1,"Pollster 1",2024-10-26,2024-10-28,1197,"Live Phone","lv","Missouri","Jill Stein",31116,19.5315796890166
20,1,"Pollster 1",2024-10-26,2024-10-28,1197,"Live Phone","lv","Missouri","Cornel West",31097,15.4567435114698
20,1,"Pollster 1",2024-10-26,2024-10-28,1197,"Live Phone","lv","Missouri","Chase Oliver",31790,18.4354719898538
20,1,"Pollster 1",2024-10-26,2024-10-28,1197,"Live Phone","lv","Missouri","Robert F. Kennedy",31042,28.2991152419217
21,9,"Pollster 9",2024-10-20,2024-10-22,1745,"Online","lv","Oklahoma","Donald Trump",16651,31.7944617094809
21,9,"Pollster 9",2024-10-20,2024-10-22,1745,"Online","lv","Oklahoma","Kamala Harris",16661,4.68823152287168
21,9,"Pollster 9",2024-10-20,2024-10-22,1745,"Online","lv","Oklahoma","Jill Stein",31116,1.52325068151243
21,9,"Pollster 9",2024-10-20,2024-10-22,1745,"Online","lv","Oklahoma","Cornel West",31097,45.1362035767852
21,9,"Pollster 9",2024-10-20,2024-10-22,1745,"Online","lv","Oklahoma","Chase Oliver",31790,1.57505415762178
21,9,"Pollster 9",2024-10-20,2024-10-22,1745,"Online","lv","Oklahoma","Robert F. Kennedy",31042,15.282798351728
22,2,"Pollster 2",2024-10-04,2024-10-06,1748,"Online","lv","Mississippi","Donald Trump",16651,19.9548825089233
22,2,"Pollster 2",2024-10-04,2024-10-06,1748,"Online","lv","Mississippi","Kamala Harris",16661,18.3550149543957
22,2,"Pollster 2",2024-10-04,2024-10-06,1748,"Online","lv","Mississippi","Jill Stein",31116,18.4254222566548
22,2,"Pollster 2",2024-10-04,2024-10-06,1748,"Online","lv","Mississippi","Cornel West",31097,27.9806192165719
22,2,"Pollster 2",2024-10-04,2024-10-06,1748,"Online","lv","Mississippi","Chase Oliver",31790,11.8673733833003
22,2,"Pollster 2",2024-10-04,2024-10-06,1748,"Online","lv","Mississippi","Robert F. Kennedy",31042,3.41668768015404
23,10,"Pollster 10",2024-10-31,2024-11-05,1372,"Live Phone","lv","Utah","Donald Trump",16651,15.2673309276856
23,10,"Pollster 10",2024-10-31,2024-11-05,1372,"Live Phone","lv","Utah","Kamala Harris",16661,4.83359532149345
23,10,"Pollster 10",2024-10-31,2024-11-05,1372,"Live Phone","lv","Utah","Jill Stein",31116,18.433911542609
23,10,"Pollster 10",2024-10-31,2024-11-05,1372,"Live Phone","lv","Utah","Cornel West",31097,29.2248348469227
23,10,"Pollster 10",2024-10-31,2024-11-05,1372,"Live Phone","lv","Utah","Chase Oliver",31790,19.8231701203938
23,10,"Pollster 10",2024-10-31,2024-11-05,1372,"Live Phone","lv","Utah","Robert F. Kennedy",31042,12.4171572408954
24,7,"Pollster 7",2024-10-20,2024-10-22,848,"Live Phone","lv","Alabama","Donald Trump",16651,33.9854591092248
24,7,"Pollster 7",2024-10-20,2024-10-22,848,"Live Phone","lv","Alabama","Kamala Harris",16661,8.3833060001555
24,7,"Pollster 7",2024-10-20,2024-10-22,848,"Live Phone","lv","Alabama","Jill Stein",31116,0.770179201608149
24,7,"Pollster 7",2024-10-20,2024-10-22,848,"Live Phone","lv","Alabama","Cornel West",31097,17.6271663792852
24,7,"Pollster 7",2024-10-20,2024-10-22,848,"Live Phone","lv","Alabama","Chase Oliver",31790,20.9461685360033
24,7,"Pollster 7",2024-10-20,2024-10-22,848,"Live Phone","lv","Alabama","Robert F. Kennedy",31042,18.2877207737229
25,3,"Pollster 3",2024-10-18,2024-10-20,664,"IVR/Live Phone","lv","Idaho","Donald Trump",16651,24.3039361095462
25,3,"Pollster 3",2024-10-18,2024-10-20,664,"IVR/Live Phone","lv","Idaho","Kamala Harris",16661,14.6347711863251
25,3,"Pollster 3",2024-10-18,2024-10-20,664,"IVR/Live Phone","lv","Idaho","Jill Stein",31116,19.0365496505494
25,3,"Pollster 3",2024-10-18,2024-10-20,664,"IVR/Live Phone","lv","Idaho","Cornel West",31097,9.32555280320931
25,3,"Pollster 3",2024-10-18,2024-10-20,664,"IVR/Live Phone","lv","Idaho","Chase Oliver",31790,19.2459823717875
25,3,"Pollster 3",2024-10-18,2024-10-20,664,"IVR/Live Phone","lv","Idaho","Robert F. Kennedy",31042,13.4532078785825
26,3,"Pollster 3",2024-10-04,2024-10-07,974,"IVR/Online","lv","Michigan","Donald Trump",16651,10.3900846654302
26,3,"Pollster 3",2024-10-04,2024-10-07,974,"IVR/Online","lv","Michigan","Kamala Harris",16661,3.88108005985622
26,3,"Pollster 3",2024-10-04,2024-10-07,974,"IVR/Online","lv","Michigan","Jill Stein",31116,4.52839775972829
26,3,"Pollster 3",2024-10-04,2024-10-07,974,"IVR/Online","lv","Michigan","Cornel West",31097,38.0677395508044
26,3,"Pollster 3",2024-10-04,2024-10-07,974,"IVR/Online","lv","Michigan","Chase Oliver",31790,37.8687185727394
26,3,"Pollster 3",2024-10-04,2024-10-07,974,"IVR/Online","lv","Michigan","Robert F. Kennedy",31042,5.26397939144148
27,3,"Pollster 3",2024-10-09,2024-10-14,1306,"Live Phone","rv","Massachusetts","Donald Trump",16651,18.328339714382
27,3,"Pollster 3",2024-10-09,2024-10-14,1306,"Live Phone","rv","Massachusetts","Kamala Harris",16661,10.1607450287537
27,3,"Pollster 3",2024-10-09,2024-10-14,1306,"Live Phone","rv","Massachusetts","Jill Stein",31116,7.0679307915698
27,3,"Pollster 3",2024-10-09,2024-10-14,1306,"Live Phone","rv","Massachusetts","Cornel West",31097,34.9901530079549
27,3,"Pollster 3",2024-10-09,2024-10-14,1306,"Live Phone","rv","Massachusetts","Chase Oliver",31790,11.8419671626453
27,3,"Pollster 3",2024-10-09,2024-10-14,1306,"Live Phone","rv","Massachusetts","Robert F. Kennedy",31042,17.6108642946942
28,7,"Pollster 7",2024-10-13,2024-10-18,1118,"Live Phone","a","Hawaii","Donald Trump",16651,11.9171661921751
28,7,"Pollster 7",2024-10-13,2024-10-18,1118,"Live Phone","a","Hawaii","Kamala Harris",16661,4.92628895336637
28,7,"Pollster 7",2024-10-13,2024-10-18,1118,"Live Phone","a","Hawaii","Jill Stein",31116,26.4787501848154
28,7,"Pollster 7",2024-10-13,2024-10-18,1118,"Live Phone","a","Hawaii","Cornel West",31097,29.2584469560396
28,7,"Pollster 7",2024-10-13,2024-10-18,1118,"Live Phone","a","Hawaii","Chase Oliver",31790,17.3028507721065
28,7,"Pollster 7",2024-10-13,2024-10-18,1118,"Live Phone","a","Hawaii","Robert F. Kennedy",31042,10.1164969414971
29,3,"Pollster 3",2024-10-30,2024-10-31,1445,"IVR/Online","a","Kentucky","Donald Trump",16651,5.50616156517872
29,3,"Pollster 3",2024-10-30,2024-10-31,1445,"IVR/Online","a","Kentucky","Kamala Harris",16661,28.8236178943887
29,3,"Pollster 3",2024-10-30,2024-10-31,1445,"IVR/Online","a","Kentucky","Jill Stein",31116,23.5711829653476
29,3,"Pollster 3",2024-10-30,2024-10-31,1445,"IVR/Online","a","Kentucky","Cornel West",31097,25.2951888230733
29,3,"Pollster 3",2024-10-30,2024-10-31,1445,"IVR/Online","a","Kentucky","Chase Oliver",31790,4.89284924763385
29,3,"Pollster 3",2024-10-30,2024-10-31,1445,"IVR/Online","a","Kentucky","Robert F. Kennedy",31042,11.9109995043778
30,10,"Pollster 10",2024-10-13,2024-10-17,1671,"Online","rv","South Carolina","Donald Trump",16651,4.5363247732235
30,10,"Pollster 10",2024-10-13,2024-10-17,1671,"Online","rv","South Carolina","Kamala Harris",16661,35.4465191461186
30,10,"Pollster 10",2024-10-13,2024-10-17,1671,"Online","rv","South Carolina","Jill Stein",31116,15.8601425364684
30,10,"Pollster 10",2024-10-13,2024-10-17,1671,"Online","rv","South Carolina","Cornel West",31097,16.8742574615544
30,10,"Pollster 10",2024-10-13,2024-10-17,1671,"Online","rv","South Carolina","Chase Oliver",31790,6.01116903887912
30,10,"Pollster 10",2024-10-13,2024-10-17,1671,"Online","rv","South Carolina","Robert F. Kennedy",31042,21.271587043756
31,2,"Pollster 2",2024-10-08,2024-10-11,605,"IVR/Online","lv","Texas","Donald Trump",16651,27.9166733167929
31,2,"Pollster 2",2024-10-08,2024-10-11,605,"IVR/Online","lv","Texas","Kamala Harris",16661,24.4634362575592
31,2,"Pollster 2",2024-10-08,2024-10-11,605,"IVR/Online","lv","Texas","Jill Stein",31116,16.4174299285948
31,2,"Pollster 2",2024-10-08,2024-10-11,605,"IVR/Online","lv","Texas","Cornel West",31097,23.1619661896145
31,2,"Pollster 2",2024-10-08,2024-10-11,605,"IVR/Online","lv","Texas","Chase Oliver",31790,0.0171864223911401
31,2,"Pollster 2",2024-10-08,2024-10-11,605,"IVR/Online","lv","Texas","Robert F. Kennedy",31042,8.02330788504756
32,3,"Pollster 3",2024-10-22,2024-10-24,515,"Online","rv","New York","Donald Trump",16651,12.3735876353223
32,3,"Pollster 3",2024-10-22,2024-10-24,515,"Online","rv","New York","Kamala Harris",16661,24.0693960127801
32,3,"Pollster 3",2024-10-22,2024-10-24,515,"Online","rv","New York","Jill Stein",31116,28.0224114663289
32,3,"Pollster 3",2024-10-22,2024-10-24,515,"Online","rv","New York","Cornel West",31097,2.03334747194049
32,3,"Pollster 3",2024-10-22,2024-10-24,515,"Online","rv","New York","Chase Oliver",31790,13.2631099299419
32,3,"Pollster 3",2024-10-22,2024-10-24,515,"Online","rv","New York","Robert F. Kennedy",31042,20.2381474836862
33,2,"Pollster 2",2024-10-18,2024-10-22,1698,"IVR/Online","lv","California","Donald Trump",16651,20.211478745156
33,2,"Pollster 2",2024-10-18,2024-10-22,1698,"IVR/Online","lv","California","Kamala Harris",16661,15.8353217656831
33,2,"Pollster 2",2024-10-18,2024-10-22,1698,"IVR/Online","lv","California","Jill Stein",31116,4.41099346122109
33,2,"Pollster 2",2024-10-18,2024-10-22,1698,"IVR/Online","lv","California","Cornel West",31097,20.1570300068531
33,2,"Pollster 2",2024-10-18,2024-10-22,1698,"IVR/Online","lv","California","Chase Oliver",31790,9.81854667339016
33,2,"Pollster 2",2024-10-18,2024-10-22,1698,"IVR/Online","lv","California","Robert F. Kennedy",31042,29.5666293476966
34,3,"Pollster 3",2024-10-14,2024-10-15,1812,"IVR/Online","lv","Florida","Donald Trump",16651,34.696385490413
34,3,"Pollster 3",2024-10-14,2024-10-15,1812,"IVR/Online","lv","Florida","Kamala Harris",16661,12.8190336539316
34,3,"Pollster 3",2024-10-14,2024-10-15,1812,"IVR/Online","lv","Florida","Jill Stein",31116,15.5233147119264
34,3,"Pollster 3",2024-10-14,2024-10-15,1812,"IVR/Online","lv","Florida","Cornel West",31097,13.2860159511207
34,3,"Pollster 3",2024-10-14,2024-10-15,1812,"IVR/Online","lv","Florida","Chase Oliver",31790,1.59076450017103
34,3,"Pollster 3",2024-10-14,2024-10-15,1812,"IVR/Online","lv","Florida","Robert F. Kennedy",31042,22.0844856924373
35,4,"Pollster 4",2024-10-27,2024-10-28,1832,"IVR/Online","rv","Arkansas","Donald Trump",16651,1.42772246838635
35,4,"Pollster 4",2024-10-27,2024-10-28,1832,"IVR/Online","rv","Arkansas","Kamala Harris",16661,26.7127486023454
35,4,"Pollster 4",2024-10-27,2024-10-28,1832,"IVR/Online","rv","Arkansas","Jill Stein",31116,12.6046776491605
35,4,"Pollster 4",2024-10-27,2024-10-28,1832,"IVR/Online","rv","Arkansas","Cornel West",31097,29.9737740747387
35,4,"Pollster 4",2024-10-27,2024-10-28,1832,"IVR/Online","rv","Arkansas","Chase Oliver",31790,19.3574684860812
35,4,"Pollster 4",2024-10-27,2024-10-28,1832,"IVR/Online","rv","Arkansas","Robert F. Kennedy",31042,9.92360871928794
36,7,"Pollster 7",2024-10-06,2024-10-10,1742,"IVR/Online","rv","Arizona","Donald Trump",16651,23.9355173314499
36,7,"Pollster 7",2024-10-06,2024-10-10,1742,"IVR/Online","rv","Arizona","Kamala Harris",16661,14.2772441994631
36,7,"Pollster 7",2024-10-06,2024-10-10,1742,"IVR/Online","rv","Arizona","Jill Stein",31116,15.820141871275
36,7,"Pollster 7",2024-10-06,2024-10-10,1742,"IVR/Online","rv","Arizona","Cornel West",31097,17.943383715166
36,7,"Pollster 7",2024-10-06,2024-10-10,1742,"IVR/Online","rv","Arizona","Chase Oliver",31790,14.2820516817378
36,7,"Pollster 7",2024-10-06,2024-10-10,1742,"IVR/Online","rv","Arizona","Robert F. Kennedy",31042,13.7416612009082
37,4,"Pollster 4",2024-10-23,2024-10-25,1763,"IVR/Online","rv","Washington","Donald Trump",16651,18.9291773664042
37,4,"Pollster 4",2024-10-23,2024-10-25,1763,"IVR/Online","rv","Washington","Kamala Harris",16661,12.7473122558928
37,4,"Pollster 4",2024-10-23,2024-10-25,1763,"IVR/Online","rv","Washington","Jill Stein",31116,20.6262875277875
37,4,"Pollster 4",2024-10-23,2024-10-25,1763,"IVR/Online","rv","Washington","Cornel West",31097,12.8939017001699
37,4,"Pollster 4",2024-10-23,2024-10-25,1763,"IVR/Online","rv","Washington","Chase Oliver",31790,21.1136814709628
37,4,"Pollster 4",2024-10-23,2024-10-25,1763,"IVR/Online","rv","Washington","Robert F. Kennedy",31042,13.6896396787828
38,9,"Pollster 9",2024-10-25,2024-10-29,962,"IVR/Live Phone","rv","West Virginia","Donald Trump",16651,24.3227183244739
38,9,"Pollster 9",2024-10-25,2024-10-29,962,"IVR/Live Phone","rv","West Virginia","Kamala Harris",16661,25.5569471364073
38,9,"Pollster 9",2024-10-25,2024-10-29,962,"IVR/Live Phone","rv","West Virginia","Jill Stein",31116,11.0084270415782
38,9,"Pollster 9",2024-10-25,2024-10-29,962,"IVR/Live Phone","rv","West Virginia","Cornel West",31097,26.150910092525
38,9,"Pollster 9",2024-10-25,2024-10-29,962,"IVR/Live Phone","rv","West Virginia","Chase Oliver",31790,4.52844134076082
38,9,"Pollster 9",2024-10-25,2024-10-29,962,"IVR/Live Phone","rv","West Virginia","Robert F. Kennedy",31042,8.43255606425474
39,6,"Pollster 6",2024-10-15,2024-10-18,877,"Online","a","Washington","Donald Trump",16651,9.7088150385015
39,6,"Pollster 6",2024-10-15,2024-10-18,877,"Online","a","Washington","Kamala Harris",16661,28.0951664881334
39,6,"Pollster 6",2024-10-15,2024-10-18,877,"Online","a","Washington","Jill Stein",31116,9.24179952292955
39,6,"Pollster 6",2024-10-15,2024-10-18,877,"Online","a","Washington","Cornel West",31097,13.0346456653224
39,6,"Pollster 6",2024-10-15,2024-10-18,877,"Online","a","Washington","Chase Oliver",31790,7.12042680593629
39,6,"Pollster 6",2024-10-15,2024-10-18,877,"Online","a","Washington","Robert F. Kennedy",31042,32.7991464791768
40,3,"Pollster 3",2024-10-30,2024-11-04,810,"Online","rv","Oregon","Donald Trump",16651,20.0922120978768
40,3,"Pollster 3",2024-10-30,2024-11-04,810,"Online","rv","Oregon","Kamala Harris",16661,17.0052502912909
40,3,"Pollster 3",2024-10-30,2024-11-04,810,"Online","rv","Oregon","Jill Stein",31116,22.0590363990964
40,3,"Pollster 3",2024-10-30,2024-11-04,810,"Online","rv","Oregon","Cornel West",31097,0.994524171588062
40,3,"Pollster 3",2024-10-30,2024-11-04,810,"Online","rv","Oregon","Chase Oliver",31790,20.3513859125645
40,3,"Pollster 3",2024-10-30,2024-11-04,810,"Online","rv","Oregon","Robert F. Kennedy",31042,19.4975911275834
41,2,"Pollster 2",2024-10-24,2024-10-27,940,"IVR/Online","a","Connecticut","Donald Trump",16651,14.2317570938987
41,2,"Pollster 2",2024-10-24,2024-10-27,940,"IVR/Online","a","Connecticut","Kamala Harris",16661,22.6762430492098
41,2,"Pollster 2",2024-10-24,2024-10-27,940,"IVR/Online","a","Connecticut","Jill Stein",31116,3.23466286072532
41,2,"Pollster 2",2024-10-24,2024-10-27,940,"IVR/Online","a","Connecticut","Cornel West",31097,6.83686337612223
41,2,"Pollster 2",2024-10-24,2024-10-27,940,"IVR/Online","a","Connecticut","Chase Oliver",31790,29.6478776954102
41,2,"Pollster 2",2024-10-24,2024-10-27,940,"IVR/Online","a","Connecticut","Robert F. Kennedy",31042,23.3725959246338
42,8,"Pollster 8",2024-10-20,2024-10-24,548,"IVR/Online","a","Maine","Donald Trump",16651,17.4818860315128
42,8,"Pollster 8",2024-10-20,2024-10-24,548,"IVR/Online","a","Maine","Kamala Harris",16661,21.292609492532
42,8,"Pollster 8",2024-10-20,2024-10-24,548,"IVR/Online","a","Maine","Jill Stein",31116,11.0461708093418
42,8,"Pollster 8",2024-10-20,2024-10-24,548,"IVR/Online","a","Maine","Cornel West",31097,13.1676128923726
42,8,"Pollster 8",2024-10-20,2024-10-24,548,"IVR/Online","a","Maine","Chase Oliver",31790,17.103154000137
42,8,"Pollster 8",2024-10-20,2024-10-24,548,"IVR/Online","a","Maine","Robert F. Kennedy",31042,19.9085667741037
43,7,"Pollster 7",2024-10-19,2024-10-21,1582,"Live Phone","a","Oregon","Donald Trump",16651,11.5323244790326
43,7,"Pollster 7",2024-10-19,2024-10-21,1582,"Live Phone","a","Oregon","Kamala Harris",16661,1.33415741494068
43,7,"Pollster 7",2024-10-19,2024-10-21,1582,"Live Phone","a","Oregon","Jill Stein",31116,34.6475249060362
43,7,"Pollster 7",2024-10-19,2024-10-21,1582,"Live Phone","a","Oregon","Cornel West",31097,5.73419539338775
43,7,"Pollster 7",2024-10-19,2024-10-21,1582,"Live Phone","a","Oregon","Chase Oliver",31790,18.8088824077671
43,7,"Pollster 7",2024-10-19,2024-10-21,1582,"Live Phone","a","Oregon","Robert F. Kennedy",31042,27.9429153988357
44,8,"Pollster 8",2024-10-04,2024-10-09,1197,"IVR/Online","a","New York","Donald Trump",16651,27.3052437626969
44,8,"Pollster 8",2024-10-04,2024-10-09,1197,"IVR/Online","a","New York","Kamala Harris",16661,25.9027829226012
44,8,"Pollster 8",2024-10-04,2024-10-09,1197,"IVR/Online","a","New York","Jill Stein",31116,8.46497624543848
44,8,"Pollster 8",2024-10-04,2024-10-09,1197,"IVR/Online","a","New York","Cornel West",31097,23.7672163852458
44,8,"Pollster 8",2024-10-04,2024-10-09,1197,"IVR/Online","a","New York","Chase Oliver",31790,12.5870472967876
44,8,"Pollster 8",2024-10-04,2024-10-09,1197,"IVR/Online","a","New York","Robert F. Kennedy",31042,1.97273338723001
45,3,"Pollster 3",2024-10-01,2024-10-03,1845,"Online Panel","rv","Mississippi","Donald Trump",16651,0.834098389284799
45,3,"Pollster 3",2024-10-01,2024-10-03,1845,"Online Panel","rv","Mississippi","Kamala Harris",16661,31.0797947666724
45,3,"Pollster 3",2024-10-01,2024-10-03,1845,"Online Panel","rv","Mississippi","Jill Stein",31116,12.0581293091393
45,3,"Pollster 3",2024-10-01,2024-10-03,1845,"Online Panel","rv","Mississippi","Cornel West",31097,22.7688763333146
45,3,"Pollster 3",2024-10-01,2024-10-03,1845,"Online Panel","rv","Mississippi","Chase Oliver",31790,19.6925151228317
45,3,"Pollster 3",2024-10-01,2024-10-03,1845,"Online Panel","rv","Mississippi","Robert F. Kennedy",31042,13.5665860787571
46,6,"Pollster 6",2024-10-16,2024-10-19,1865,"Online","lv","Texas","Donald Trump",16651,0.303725710190665
46,6,"Pollster 6",2024-10-16,2024-10-19,1865,"Online","lv","Texas","Kamala Harris",16661,0.163751107400675
46,6,"Pollster 6",2024-10-16,2024-10-19,1865,"Online","lv","Texas","Jill Stein",31116,44.2214656912396
46,6,"Pollster 6",2024-10-16,2024-10-19,1865,"Online","lv","Texas","Cornel West",31097,4.79519673570872
46,6,"Pollster 6",2024-10-16,2024-10-19,1865,"Online","lv","Texas","Chase Oliver",31790,18.6083885115225
46,6,"Pollster 6",2024-10-16,2024-10-19,1865,"Online","lv","Texas","Robert F. Kennedy",31042,31.9074722439379
47,8,"Pollster 8",2024-10-28,2024-11-02,1747,"Live Phone","rv","Tennessee","Donald Trump",16651,6.61174746848017
47,8,"Pollster 8",2024-10-28,2024-11-02,1747,"Live Phone","rv","Tennessee","Kamala Harris",16661,12.1241007101632
47,8,"Pollster 8",2024-10-28,2024-11-02,1747,"Live Phone","rv","Tennessee","Jill Stein",31116,30.8755201241861
47,8,"Pollster 8",2024-10-28,2024-11-02,1747,"Live Phone","rv","Tennessee","Cornel West",31097,37.9664548377279
47,8,"Pollster 8",2024-10-28,2024-11-02,1747,"Live Phone","rv","Tennessee","Chase Oliver",31790,12.376430065114
47,8,"Pollster 8",2024-10-28,2024-11-02,1747,"Live Phone","rv","Tennessee","Robert F. Kennedy",31042,0.0457467943286081
48,4,"Pollster 4",2024-10-13,2024-10-16,1428,"Online","rv","Nebraska","Donald Trump",16651,12.3344095086017
48,4,"Pollster 4",2024-10-13,2024-10-16,1428,"Online","rv","Nebraska","Kamala Harris",16661,7.88488603984294
48,4,"Pollster 4",2024-10-13,2024-10-16,1428,"Online","rv","Nebraska","Jill Stein",31116,3.54246638350639
48,4,"Pollster 4",2024-10-13,2024-10-16,1428,"Online","rv","Nebraska","Cornel West",31097,27.5680909506706
48,4,"Pollster 4",2024-10-13,2024-10-16,1428,"Online","rv","Nebraska","Chase Oliver",31790,24.224904812375
48,4,"Pollster 4",2024-10-13,2024-10-16,1428,"Online","rv","Nebraska","Robert F. Kennedy",31042,24.4452423050033
49,6,"Pollster 6",2024-10-09,2024-10-10,1347,"Online Panel","rv","Hawaii","Donald Trump",16651,15.0147569012473
49,6,"Pollster 6",2024-10-09,2024-10-10,1347,"Online Panel","rv","Hawaii","Kamala Harris",16661,14.3644394938996
49,6,"Pollster 6",2024-10-09,2024-10-10,1347,"Online Panel","rv","Hawaii","Jill Stein",31116,20.1363178105444
49,6,"Pollster 6",2024-10-09,2024-10-10,1347,"Online Panel","rv","Hawaii","Cornel West",31097,17.8748348759727
49,6,"Pollster 6",2024-10-09,2024-10-10,1347,"Online Panel","rv","Hawaii","Chase Oliver",31790,14.8582302801871
49,6,"Pollster 6",2024-10-09,2024-10-10,1347,"Online Panel","rv","Hawaii","Robert F. Kennedy",31042,17.7514206381489
50,9,"Pollster 9",2024-10-20,2024-10-21,566,"Online Panel","lv","Delaware","Donald Trump",16651,0.714853602057286
50,9,"Pollster 9",2024-10-20,2024-10-21,566,"Online Panel","lv","Delaware","Kamala Harris",16661,30.2242376683877
50,9,"Pollster 9",2024-10-20,2024-10-21,566,"Online Panel","lv","Delaware","Jill Stein",31116,37.4901847426083
50,9,"Pollster 9",2024-10-20,2024-10-21,566,"Online Panel","lv","Delaware","Cornel West",31097,21.3088443783566
50,9,"Pollster 9",2024-10-20,2024-10-21,566,"Online Panel","lv","Delaware","Chase Oliver",31790,9.3950483246563
50,9,"Pollster 9",2024-10-20,2024-10-21,566,"Online Panel","lv","Delaware","Robert F. Kennedy",31042,0.86683128393382
51,7,"Pollster 7",2024-10-04,2024-10-09,1855,"Live Phone","a","Idaho","Donald Trump",16651,15.0916495887178
51,7,"Pollster 7",2024-10-04,2024-10-09,1855,"Live Phone","a","Idaho","Kamala Harris",16661,19.4433309257879
51,7,"Pollster 7",2024-10-04,2024-10-09,1855,"Live Phone","a","Idaho","Jill Stein",31116,13.9448251275089
51,7,"Pollster 7",2024-10-04,2024-10-09,1855,"Live Phone","a","Idaho","Cornel West",31097,25.3180577597331
51,7,"Pollster 7",2024-10-04,2024-10-09,1855,"Live Phone","a","Idaho","Chase Oliver",31790,19.678891689226
51,7,"Pollster 7",2024-10-04,2024-10-09,1855,"Live Phone","a","Idaho","Robert F. Kennedy",31042,6.52324490902634
52,8,"Pollster 8",2024-10-07,2024-10-08,1794,"IVR/Online","lv","Tennessee","Donald Trump",16651,1.70022397662684
52,8,"Pollster 8",2024-10-07,2024-10-08,1794,"IVR/Online","lv","Tennessee","Kamala Harris",16661,23.9162264606039
52,8,"Pollster 8",2024-10-07,2024-10-08,1794,"IVR/Online","lv","Tennessee","Jill Stein",31116,12.4986050159688
52,8,"Pollster 8",2024-10-07,2024-10-08,1794,"IVR/Online","lv","Tennessee","Cornel West",31097,30.4200547266194
52,8,"Pollster 8",2024-10-07,2024-10-08,1794,"IVR/Online","lv","Tennessee","Chase Oliver",31790,26.6753621378577
52,8,"Pollster 8",2024-10-07,2024-10-08,1794,"IVR/Online","lv","Tennessee","Robert F. Kennedy",31042,4.78952768232342
53,6,"Pollster 6",2024-10-07,2024-10-11,580,"Online","a","Texas","Donald Trump",16651,19.164181939586
53,6,"Pollster 6",2024-10-07,2024-10-11,580,"Online","a","Texas","Kamala Harris",16661,2.27407416499216
53,6,"Pollster 6",2024-10-07,2024-10-11,580,"Online","a","Texas","Jill Stein",31116,14.4232094838687
53,6,"Pollster 6",2024-10-07,2024-10-11,580,"Online","a","Texas","Cornel West",31097,31.1758907031775
53,6,"Pollster 6",2024-10-07,2024-10-11,580,"Online","a","Texas","Chase Oliver",31790,0.174449420694825
53,6,"Pollster 6",2024-10-07,2024-10-11,580,"Online","a","Texas","Robert F. Kennedy",31042,32.7881942876808
54,6,"Pollster 6",2024-10-09,2024-10-10,1127,"IVR/Online","lv","North Carolina","Donald Trump",16651,23.1525186592758
54,6,"Pollster 6",2024-10-09,2024-10-10,1127,"IVR/Online","lv","North Carolina","Kamala Harris",16661,19.2658372125057
54,6,"Pollster 6",2024-10-09,2024-10-10,1127,"IVR/Online","lv","North Carolina","Jill Stein",31116,3.77091855236573
54,6,"Pollster 6",2024-10-09,2024-10-10,1127,"IVR/Online","lv","North Carolina","Cornel West",31097,17.3017711221568
54,6,"Pollster 6",2024-10-09,2024-10-10,1127,"IVR/Online","lv","North Carolina","Chase Oliver",31790,8.26183414617492
54,6,"Pollster 6",2024-10-09,2024-10-10,1127,"IVR/Online","lv","North Carolina","Robert F. Kennedy",31042,28.2471203075211
55,10,"Pollster 10",2024-10-26,2024-10-29,1400,"IVR/Live Phone","a","North Dakota","Donald Trump",16651,15.0690021134262
55,10,"Pollster 10",2024-10-26,2024-10-29,1400,"IVR/Live Phone","a","North Dakota","Kamala Harris",16661,32.789648083201
55,10,"Pollster 10",2024-10-26,2024-10-29,1400,"IVR/Live Phone","a","North Dakota","Jill Stein",31116,4.15325022526435
55,10,"Pollster 10",2024-10-26,2024-10-29,1400,"IVR/Live Phone","a","North Dakota","Cornel West",31097,2.59687850282385
55,10,"Pollster 10",2024-10-26,2024-10-29,1400,"IVR/Live Phone","a","North Dakota","Chase Oliver",31790,30.7229406767615
55,10,"Pollster 10",2024-10-26,2024-10-29,1400,"IVR/Live Phone","a","North Dakota","Robert F. Kennedy",31042,14.6682803985231
56,9,"Pollster 9",2024-10-31,2024-11-01,1864,"Online","rv","Kentucky","Donald Trump",16651,14.4101193100566
56,9,"Pollster 9",2024-10-31,2024-11-01,1864,"Online","rv","Kentucky","Kamala Harris",16661,23.5249874657682
56,9,"Pollster 9",2024-10-31,2024-11-01,1864,"Online","rv","Kentucky","Jill Stein",31116,18.4036800314821
56,9,"Pollster 9",2024-10-31,2024-11-01,1864,"Online","rv","Kentucky","Cornel West",31097,0.356322708477758
56,9,"Pollster 9",2024-10-31,2024-11-01,1864,"Online","rv","Kentucky","Chase Oliver",31790,18.9404146781259
56,9,"Pollster 9",2024-10-31,2024-11-01,1864,"Online","rv","Kentucky","Robert F. Kennedy",31042,24.3644758060893
57,1,"Pollster 1",2024-10-24,2024-10-27,1752,"IVR/Online","a","Indiana","Donald Trump",16651,16.6771123138753
57,1,"Pollster 1",2024-10-24,2024-10-27,1752,"IVR/Online","a","Indiana","Kamala Harris",16661,11.7998036536213
57,1,"Pollster 1",2024-10-24,2024-10-27,1752,"IVR/Online","a","Indiana","Jill Stein",31116,10.2819834763824
57,1,"Pollster 1",2024-10-24,2024-10-27,1752,"IVR/Online","a","Indiana","Cornel West",31097,8.83356370532095
57,1,"Pollster 1",2024-10-24,2024-10-27,1752,"IVR/Online","a","Indiana","Chase Oliver",31790,22.4188538882969
57,1,"Pollster 1",2024-10-24,2024-10-27,1752,"IVR/Online","a","Indiana","Robert F. Kennedy",31042,29.9886829625032
58,9,"Pollster 9",2024-10-29,2024-10-30,1815,"IVR/Online","a","Arizona","Donald Trump",16651,22.6293520437711
58,9,"Pollster 9",2024-10-29,2024-10-30,1815,"IVR/Online","a","Arizona","Kamala Harris",16661,13.2929089558784
58,9,"Pollster 9",2024-10-29,2024-10-30,1815,"IVR/Online","a","Arizona","Jill Stein",31116,20.8817527734516
58,9,"Pollster 9",2024-10-29,2024-10-30,1815,"IVR/Online","a","Arizona","Cornel West",31097,14.2964823229384
58,9,"Pollster 9",2024-10-29,2024-10-30,1815,"IVR/Online","a","Arizona","Chase Oliver",31790,16.3730041035793
58,9,"Pollster 9",2024-10-29,2024-10-30,1815,"IVR/Online","a","Arizona","Robert F. Kennedy",31042,12.5264998003811
59,4,"Pollster 4",2024-10-03,2024-10-06,1085,"Online","a","Arkansas","Donald Trump",16651,10.1259093815864
59,4,"Pollster 4",2024-10-03,2024-10-06,1085,"Online","a","Arkansas","Kamala Harris",16661,30.9564872548963
59,4,"Pollster 4",2024-10-03,2024-10-06,1085,"Online","a","Arkansas","Jill Stein",31116,19.0744498799217
59,4,"Pollster 4",2024-10-03,2024-10-06,1085,"Online","a","Arkansas","Cornel West",31097,17.1455476666601
59,4,"Pollster 4",2024-10-03,2024-10-06,1085,"Online","a","Arkansas","Chase Oliver",31790,12.387446097658
59,4,"Pollster 4",2024-10-03,2024-10-06,1085,"Online","a","Arkansas","Robert F. Kennedy",31042,10.3101597192775
60,3,"Pollster 3",2024-10-28,2024-10-30,1184,"IVR/Online","a","Wisconsin","Donald Trump",16651,24.8121855197924
60,3,"Pollster 3",2024-10-28,2024-10-30,1184,"IVR/Online","a","Wisconsin","Kamala Harris",16661,5.7100897956431
60,3,"Pollster 3",2024-10-28,2024-10-30,1184,"IVR/Online","a","Wisconsin","Jill Stein",31116,21.5600934103065
60,3,"Pollster 3",2024-10-28,2024-10-30,1184,"IVR/Online","a","Wisconsin","Cornel West",31097,16.6847366137267
60,3,"Pollster 3",2024-10-28,2024-10-30,1184,"IVR/Online","a","Wisconsin","Chase Oliver",31790,26.7931921772421
60,3,"Pollster 3",2024-10-28,2024-10-30,1184,"IVR/Online","a","Wisconsin","Robert F. Kennedy",31042,4.43970248328921
61,7,"Pollster 7",2024-10-07,2024-10-08,967,"Live Phone","lv","Florida","Donald Trump",16651,7.39317130591832
61,7,"Pollster 7",2024-10-07,2024-10-08,967,"Live Phone","lv","Florida","Kamala Harris",16661,18.5237514929487
61,7,"Pollster 7",2024-10-07,2024-10-08,967,"Live Phone","lv","Florida","Jill Stein",31116,15.6177311380883
61,7,"Pollster 7",2024-10-07,2024-10-08,967,"Live Phone","lv","Florida","Cornel West",31097,18.9733914646916
61,7,"Pollster 7",2024-10-07,2024-10-08,967,"Live Phone","lv","Florida","Chase Oliver",31790,13.8923611775665
61,7,"Pollster 7",2024-10-07,2024-10-08,967,"Live Phone","lv","Florida","Robert F. Kennedy",31042,25.5995934207865
62,8,"Pollster 8",2024-10-03,2024-10-05,1838,"IVR/Online","lv","Michigan","Donald Trump",16651,13.8829271385642
62,8,"Pollster 8",2024-10-03,2024-10-05,1838,"IVR/Online","lv","Michigan","Kamala Harris",16661,19.2453160428885
62,8,"Pollster 8",2024-10-03,2024-10-05,1838,"IVR/Online","lv","Michigan","Jill Stein",31116,4.32229493644341
62,8,"Pollster 8",2024-10-03,2024-10-05,1838,"IVR/Online","lv","Michigan","Cornel West",31097,28.0359346754577
62,8,"Pollster 8",2024-10-03,2024-10-05,1838,"IVR/Online","lv","Michigan","Chase Oliver",31790,17.5834988036381
62,8,"Pollster 8",2024-10-03,2024-10-05,1838,"IVR/Online","lv","Michigan","Robert F. Kennedy",31042,16.930028403008
63,9,"Pollster 9",2024-10-21,2024-10-22,981,"Live Phone","a","Georgia","Donald Trump",16651,10.0831190036825
63,9,"Pollster 9",2024-10-21,2024-10-22,981,"Live Phone","a","Georgia","Kamala Harris",16661,12.0167109007873
63,9,"Pollster 9",2024-10-21,2024-10-22,981,"Live Phone","a","Georgia","Jill Stein",31116,13.130245153477
63,9,"Pollster 9",2024-10-21,2024-10-22,981,"Live Phone","a","Georgia","Cornel West",31097,20.4087608288645
63,9,"Pollster 9",2024-10-21,2024-10-22,981,"Live Phone","a","Georgia","Chase Oliver",31790,26.377904664702
63,9,"Pollster 9",2024-10-21,2024-10-22,981,"Live Phone","a","Georgia","Robert F. Kennedy",31042,17.9832594484867
64,6,"Pollster 6",2024-10-01,2024-10-04,749,"Online","rv","Wisconsin","Donald Trump",16651,17.4144429760851
64,6,"Pollster 6",2024-10-01,2024-10-04,749,"Online","rv","Wisconsin","Kamala Harris",16661,25.5496414477223
64,6,"Pollster 6",2024-10-01,2024-10-04,749,"Online","rv","Wisconsin","Jill Stein",31116,19.7749586019356
64,6,"Pollster 6",2024-10-01,2024-10-04,749,"Online","rv","Wisconsin","Cornel West",31097,12.0568524967877
64,6,"Pollster 6",2024-10-01,2024-10-04,749,"Online","rv","Wisconsin","Chase Oliver",31790,21.8526869012932
64,6,"Pollster 6",2024-10-01,2024-10-04,749,"Online","rv","Wisconsin","Robert F. Kennedy",31042,3.35141757617604
65,8,"Pollster 8",2024-10-02,2024-10-05,761,"Live Phone","rv","Colorado","Donald Trump",16651,20.1962016720174
65,8,"Pollster 8",2024-10-02,2024-10-05,761,"Live Phone","rv","Colorado","Kamala Harris",16661,14.9006628777124
65,8,"Pollster 8",2024-10-02,2024-10-05,761,"Live Phone","rv","Colorado","Jill Stein",31116,8.091626176082
65,8,"Pollster 8",2024-10-02,2024-10-05,761,"Live Phone","rv","Colorado","Cornel West",31097,22.1585233653977
65,8,"Pollster 8",2024-10-02,2024-10-05,761,"Live Phone","rv","Colorado","Chase Oliver",31790,0.838751099744371
65,8,"Pollster 8",2024-10-02,2024-10-05,761,"Live Phone","rv","Colorado","Robert F. Kennedy",31042,33.8142348090461
66,7,"Pollster 7",2024-10-23,2024-10-27,1252,"Online Panel","a","Kansas","Donald Trump",16651,21.9504848464903
66,7,"Pollster 7",2024-10-23,2024-10-27,1252,"Online Panel","a","Kansas","Kamala Harris",16661,9.1423602747775
66,7,"Pollster 7",2024-10-23,2024-10-27,1252,"Online Panel","a","Kansas","Jill Stein",31116,21.4782332433018
66,7,"Pollster 7",2024-10-23,2024-10-27,1252,"Online Panel","a","Kansas","Cornel West",31097,17.6959383724921
66,7,"Pollster 7",2024-10-23,2024-10-27,1252,"Online Panel","a","Kansas","Chase Oliver",31790,5.15130619535416
66,7,"Pollster 7",2024-10-23,2024-10-27,1252,"Online Panel","a","Kansas","Robert F. Kennedy",31042,24.5816770675842
67,10,"Pollster 10",2024-10-21,2024-10-22,1170,"IVR/Online","a","Wisconsin","Donald Trump",16651,9.38724114265662
67,10,"Pollster 10",2024-10-21,2024-10-22,1170,"IVR/Online","a","Wisconsin","Kamala Harris",16661,2.93711346957374
67,10,"Pollster 10",2024-10-21,2024-10-22,1170,"IVR/Online","a","Wisconsin","Jill Stein",31116,15.1498212210038
67,10,"Pollster 10",2024-10-21,2024-10-22,1170,"IVR/Online","a","Wisconsin","Cornel West",31097,0.50751244588947
67,10,"Pollster 10",2024-10-21,2024-10-22,1170,"IVR/Online","a","Wisconsin","Chase Oliver",31790,33.5870859429526
67,10,"Pollster 10",2024-10-21,2024-10-22,1170,"IVR/Online","a","Wisconsin","Robert F. Kennedy",31042,38.4312257779237
68,8,"Pollster 8",2024-10-04,2024-10-08,1034,"Online Panel","lv","Alabama","Donald Trump",16651,9.91843972518652
68,8,"Pollster 8",2024-10-04,2024-10-08,1034,"Online Panel","lv","Alabama","Kamala Harris",16661,11.7450166542123
68,8,"Pollster 8",2024-10-04,2024-10-08,1034,"Online Panel","lv","Alabama","Jill Stein",31116,29.1635271142772
68,8,"Pollster 8",2024-10-04,2024-10-08,1034,"Online Panel","lv","Alabama","Cornel West",31097,29.6423739457744
68,8,"Pollster 8",2024-10-04,2024-10-08,1034,"Online Panel","lv","Alabama","Chase Oliver",31790,7.05040458367336
68,8,"Pollster 8",2024-10-04,2024-10-08,1034,"Online Panel","lv","Alabama","Robert F. Kennedy",31042,12.4802379768762
69,3,"Pollster 3",2024-10-06,2024-10-08,1789,"Live Phone","a","Nevada","Donald Trump",16651,17.1957144144081
69,3,"Pollster 3",2024-10-06,2024-10-08,1789,"Live Phone","a","Nevada","Kamala Harris",16661,18.515360795062
69,3,"Pollster 3",2024-10-06,2024-10-08,1789,"Live Phone","a","Nevada","Jill Stein",31116,19.1506544110834
69,3,"Pollster 3",2024-10-06,2024-10-08,1789,"Live Phone","a","Nevada","Cornel West",31097,17.4589032565307
69,3,"Pollster 3",2024-10-06,2024-10-08,1789,"Live Phone","a","Nevada","Chase Oliver",31790,13.962049174728
69,3,"Pollster 3",2024-10-06,2024-10-08,1789,"Live Phone","a","Nevada","Robert F. Kennedy",31042,13.7173179481878
70,5,"Pollster 5",2024-10-21,2024-10-25,1934,"IVR/Online","a","South Dakota","Donald Trump",16651,30.7042135071713
70,5,"Pollster 5",2024-10-21,2024-10-25,1934,"IVR/Online","a","South Dakota","Kamala Harris",16661,3.00876094966553
70,5,"Pollster 5",2024-10-21,2024-10-25,1934,"IVR/Online","a","South Dakota","Jill Stein",31116,4.392376427982
70,5,"Pollster 5",2024-10-21,2024-10-25,1934,"IVR/Online","a","South Dakota","Cornel West",31097,4.92854019930692
70,5,"Pollster 5",2024-10-21,2024-10-25,1934,"IVR/Online","a","South Dakota","Chase Oliver",31790,28.1336445394486
70,5,"Pollster 5",2024-10-21,2024-10-25,1934,"IVR/Online","a","South Dakota","Robert F. Kennedy",31042,28.8324643764256
71,2,"Pollster 2",2024-10-03,2024-10-04,1090,"Live Phone","a","New Hampshire","Donald Trump",16651,14.1204253307451
71,2,"Pollster 2",2024-10-03,2024-10-04,1090,"Live Phone","a","New Hampshire","Kamala Harris",16661,15.9670173575058
71,2,"Pollster 2",2024-10-03,2024-10-04,1090,"Live Phone","a","New Hampshire","Jill Stein",31116,25.0087332381802
71,2,"Pollster 2",2024-10-03,2024-10-04,1090,"Live Phone","a","New Hampshire","Cornel West",31097,25.3579196658343
71,2,"Pollster 2",2024-10-03,2024-10-04,1090,"Live Phone","a","New Hampshire","Chase Oliver",31790,17.6178610194468
71,2,"Pollster 2",2024-10-03,2024-10-04,1090,"Live Phone","a","New Hampshire","Robert F. Kennedy",31042,1.92804338828782
72,4,"Pollster 4",2024-10-08,2024-10-12,1519,"Online Panel","rv","Illinois","Donald Trump",16651,12.4533110028787
72,4,"Pollster 4",2024-10-08,2024-10-12,1519,"Online Panel","rv","Illinois","Kamala Harris",16661,11.8756266228506
72,4,"Pollster 4",2024-10-08,2024-10-12,1519,"Online Panel","rv","Illinois","Jill Stein",31116,44.2620109681525
72,4,"Pollster 4",2024-10-08,2024-10-12,1519,"Online Panel","rv","Illinois","Cornel West",31097,19.3107510751487
72,4,"Pollster 4",2024-10-08,2024-10-12,1519,"Online Panel","rv","Illinois","Chase Oliver",31790,8.52397052411199
72,4,"Pollster 4",2024-10-08,2024-10-12,1519,"Online Panel","rv","Illinois","Robert F. Kennedy",31042,3.57432980685748
73,7,"Pollster 7",2024-10-23,2024-10-24,920,"IVR/Live Phone","lv","West Virginia","Donald Trump",16651,15.1242099561645
73,7,"Pollster 7",2024-10-23,2024-10-24,920,"IVR/Live Phone","lv","West Virginia","Kamala Harris",16661,2.70991208952151
73,7,"Pollster 7",2024-10-23,2024-10-24,920,"IVR/Live Phone","lv","West Virginia","Jill Stein",31116,35.584930549299
73,7,"Pollster 7",2024-10-23,2024-10-24,920,"IVR/Live Phone","lv","West Virginia","Cornel West",31097,8.10317163411879
73,7,"Pollster 7",2024-10-23,2024-10-24,920,"IVR/Live Phone","lv","West Virginia","Chase Oliver",31790,15.1339621711403
73,7,"Pollster 7",2024-10-23,2024-10-24,920,"IVR/Live Phone","lv","West Virginia","Robert F. Kennedy",31042,23.3438135997559
74,8,"Pollster 8",2024-10-16,2024-10-17,716,"IVR/Online","a","Massachusetts","Donald Trump",16651,24.5603024381951
74,8,"Pollster 8",2024-10-16,2024-10-17,716,"IVR/Online","a","Massachusetts","Kamala Harris",16661,12.9155947792186
74,8,"Pollster 8",2024-10-16,2024-10-17,716,"IVR/Online","a","Massachusetts","Jill Stein",31116,6.34758519911027
74,8,"Pollster 8",2024-10-16,2024-10-17,716,"IVR/Online","a","Massachusetts","Cornel West",31097,3.87566646448435
74,8,"Pollster 8",2024-10-16,2024-10-17,716,"IVR/Online","a","Massachusetts","Chase Oliver",31790,36.9542929491258
74,8,"Pollster 8",2024-10-16,2024-10-17,716,"IVR/Online","a","Massachusetts","Robert F. Kennedy",31042,15.3465581698659
75,2,"Pollster 2",2024-10-24,2024-10-28,1597,"Online Panel","lv","Delaware","Donald Trump",16651,0.092049587910795
75,2,"Pollster 2",2024-10-24,2024-10-28,1597,"Online Panel","lv","Delaware","Kamala Harris",16661,7.81769293988091
75,2,"Pollster 2",2024-10-24,2024-10-28,1597,"Online Panel","lv","Delaware","Jill Stein",31116,25.2152295810701
75,2,"Pollster 2",2024-10-24,2024-10-28,1597,"Online Panel","lv","Delaware","Cornel West",31097,32.1655730516123
75,2,"Pollster 2",2024-10-24,2024-10-28,1597,"Online Panel","lv","Delaware","Chase Oliver",31790,29.6964197404262
75,2,"Pollster 2",2024-10-24,2024-10-28,1597,"Online Panel","lv","Delaware","Robert F. Kennedy",31042,5.01303509909968
76,4,"Pollster 4",2024-10-26,2024-10-29,534,"Online Panel","lv","Ohio","Donald Trump",16651,1.01703678818302
76,4,"Pollster 4",2024-10-26,2024-10-29,534,"Online Panel","lv","Ohio","Kamala Harris",16661,7.60589483074776
76,4,"Pollster 4",2024-10-26,2024-10-29,534,"Online Panel","lv","Ohio","Jill Stein",31116,34.3420005529009
76,4,"Pollster 4",2024-10-26,2024-10-29,534,"Online Panel","lv","Ohio","Cornel West",31097,4.27900417684404
76,4,"Pollster 4",2024-10-26,2024-10-29,534,"Online Panel","lv","Ohio","Chase Oliver",31790,37.7447479146248
76,4,"Pollster 4",2024-10-26,2024-10-29,534,"Online Panel","lv","Ohio","Robert F. Kennedy",31042,15.0113157366995
77,6,"Pollster 6",2024-10-21,2024-10-22,1808,"IVR/Live Phone","lv","Idaho","Donald Trump",16651,19.3629114510501
77,6,"Pollster 6",2024-10-21,2024-10-22,1808,"IVR/Live Phone","lv","Idaho","Kamala Harris",16661,14.8759564020092
77,6,"Pollster 6",2024-10-21,2024-10-22,1808,"IVR/Live Phone","lv","Idaho","Jill Stein",31116,35.6726189889436
77,6,"Pollster 6",2024-10-21,2024-10-22,1808,"IVR/Live Phone","lv","Idaho","Cornel West",31097,9.13073192104724
77,6,"Pollster 6",2024-10-21,2024-10-22,1808,"IVR/Live Phone","lv","Idaho","Chase Oliver",31790,18.1375212880298
77,6,"Pollster 6",2024-10-21,2024-10-22,1808,"IVR/Live Phone","lv","Idaho","Robert F. Kennedy",31042,2.82025994891999
78,7,"Pollster 7",2024-10-28,2024-11-01,1083,"IVR/Online","a","New Hampshire","Donald Trump",16651,10.1683873553069
78,7,"Pollster 7",2024-10-28,2024-11-01,1083,"IVR/Online","a","New Hampshire","Kamala Harris",16661,38.6289984840714
78,7,"Pollster 7",2024-10-28,2024-11-01,1083,"IVR/Online","a","New Hampshire","Jill Stein",31116,23.8815877433891
78,7,"Pollster 7",2024-10-28,2024-11-01,1083,"IVR/Online","a","New Hampshire","Cornel West",31097,0.208624882907151
78,7,"Pollster 7",2024-10-28,2024-11-01,1083,"IVR/Online","a","New Hampshire","Chase Oliver",31790,12.4847038661756
78,7,"Pollster 7",2024-10-28,2024-11-01,1083,"IVR/Online","a","New Hampshire","Robert F. Kennedy",31042,14.6276976681499
79,6,"Pollster 6",2024-10-12,2024-10-14,1609,"Online Panel","lv","Mississippi","Donald Trump",16651,10.5898398536332
79,6,"Pollster 6",2024-10-12,2024-10-14,1609,"Online Panel","lv","Mississippi","Kamala Harris",16661,20.5680531120542
79,6,"Pollster 6",2024-10-12,2024-10-14,1609,"Online Panel","lv","Mississippi","Jill Stein",31116,14.4900584305225
79,6,"Pollster 6",2024-10-12,2024-10-14,1609,"Online Panel","lv","Mississippi","Cornel West",31097,26.3753667260371
79,6,"Pollster 6",2024-10-12,2024-10-14,1609,"Online Panel","lv","Mississippi","Chase Oliver",31790,9.19230795153247
79,6,"Pollster 6",2024-10-12,2024-10-14,1609,"Online Panel","lv","Mississippi","Robert F. Kennedy",31042,18.7843739262205
80,9,"Pollster 9",2024-10-19,2024-10-22,1429,"IVR/Live Phone","a","West Virginia","Donald Trump",16651,3.00228971179371
80,9,"Pollster 9",2024-10-19,2024-10-22,1429,"IVR/Live Phone","a","West Virginia","Kamala Harris",16661,8.89368471804413
80,9,"Pollster 9",2024-10-19,2024-10-22,1429,"IVR/Live Phone","a","West Virginia","Jill Stein",31116,35.6933026736578
80,9,"Pollster 9",2024-10-19,2024-10-22,1429,"IVR/Live Phone","a","West Virginia","Cornel West",31097,21.0034406217658
80,9,"Pollster 9",2024-10-19,2024-10-22,1429,"IVR/Live Phone","a","West Virginia","Chase Oliver",31790,9.04480393127828
80,9,"Pollster 9",2024-10-19,2024-10-22,1429,"IVR/Live Phone","a","West Virginia","Robert F. Kennedy",31042,22.3624783434603
81,2,"Pollster 2",2024-10-29,2024-11-03,700,"Online","lv","Florida","Donald Trump",16651,0.813235810493673
81,2,"Pollster 2",2024-10-29,2024-11-03,700,"Online","lv","Florida","Kamala Harris",16661,22.6745571229389
81,2,"Pollster 2",2024-10-29,2024-11-03,700,"Online","lv","Florida","Jill Stein",31116,14.1853212709762
81,2,"Pollster 2",2024-10-29,2024-11-03,700,"Online","lv","Florida","Cornel West",31097,17.7019311631179
81,2,"Pollster 2",2024-10-29,2024-11-03,700,"Online","lv","Florida","Chase Oliver",31790,27.2863034405869
81,2,"Pollster 2",2024-10-29,2024-11-03,700,"Online","lv","Florida","Robert F. Kennedy",31042,17.3386511918865
82,7,"Pollster 7",2024-10-06,2024-10-11,1091,"Online Panel","rv","North Carolina","Donald Trump",16651,21.0884299423619
82,7,"Pollster 7",2024-10-06,2024-10-11,1091,"Online Panel","rv","North Carolina","Kamala Harris",16661,15.7478296680265
82,7,"Pollster 7",2024-10-06,2024-10-11,1091,"Online Panel","rv","North Carolina","Jill Stein",31116,9.92344847273544
82,7,"Pollster 7",2024-10-06,2024-10-11,1091,"Online Panel","rv","North Carolina","Cornel West",31097,14.7640441032028
82,7,"Pollster 7",2024-10-06,2024-10-11,1091,"Online Panel","rv","North Carolina","Chase Oliver",31790,23.3880343509825
82,7,"Pollster 7",2024-10-06,2024-10-11,1091,"Online Panel","rv","North Carolina","Robert F. Kennedy",31042,15.0882134626909
83,9,"Pollster 9",2024-10-07,2024-10-11,929,"IVR/Online","a","Vermont","Donald Trump",16651,27.75025364162
83,9,"Pollster 9",2024-10-07,2024-10-11,929,"IVR/Online","a","Vermont","Kamala Harris",16661,24.1682677874837
83,9,"Pollster 9",2024-10-07,2024-10-11,929,"IVR/Online","a","Vermont","Jill Stein",31116,18.4119556183285
83,9,"Pollster 9",2024-10-07,2024-10-11,929,"IVR/Online","a","Vermont","Cornel West",31097,2.43500091415696
83,9,"Pollster 9",2024-10-07,2024-10-11,929,"IVR/Online","a","Vermont","Chase Oliver",31790,4.52749372127671
83,9,"Pollster 9",2024-10-07,2024-10-11,929,"IVR/Online","a","Vermont","Robert F. Kennedy",31042,22.707028317134
84,1,"Pollster 1",2024-10-12,2024-10-13,660,"IVR/Live Phone","a","Idaho","Donald Trump",16651,28.2273202634535
84,1,"Pollster 1",2024-10-12,2024-10-13,660,"IVR/Live Phone","a","Idaho","Kamala Harris",16661,9.24302088689769
84,1,"Pollster 1",2024-10-12,2024-10-13,660,"IVR/Live Phone","a","Idaho","Jill Stein",31116,19.8567740348309
84,1,"Pollster 1",2024-10-12,2024-10-13,660,"IVR/Live Phone","a","Idaho","Cornel West",31097,1.22832412230438
84,1,"Pollster 1",2024-10-12,2024-10-13,660,"IVR/Live Phone","a","Idaho","Chase Oliver",31790,29.2070589227548
84,1,"Pollster 1",2024-10-12,2024-10-13,660,"IVR/Live Phone","a","Idaho","Robert F. Kennedy",31042,12.2375017697587
85,2,"Pollster 2",2024-10-12,2024-10-14,1114,"Online Panel","lv","Alaska","Donald Trump",16651,17.7792639251587
85,2,"Pollster 2",2024-10-12,2024-10-14,1114,"Online Panel","lv","Alaska","Kamala Harris",16661,18.877370550748
85,2,"Pollster 2",2024-10-12,2024-10-14,1114,"Online Panel","lv","Alaska","Jill Stein",31116,13.4017101953778
85,2,"Pollster 2",2024-10-12,2024-10-14,1114,"Online Panel","lv","Alaska","Cornel West",31097,5.20960153559113
85,2,"Pollster 2",2024-10-12,2024-10-14,1114,"Online Panel","lv","Alaska","Chase Oliver",31790,21.8659784181243
85,2,"Pollster 2",2024-10-12,2024-10-14,1114,"Online Panel","lv","Alaska","Robert F. Kennedy",31042,22.866075375
86,6,"Pollster 6",2024-10-31,2024-11-05,1668,"Online","a","Indiana","Donald Trump",16651,68.2399177984727
86,6,"Pollster 6",2024-10-31,2024-11-05,1668,"Online","a","Indiana","Kamala Harris",16661,2.84383722828502
86,6,"Pollster 6",2024-10-31,2024-11-05,1668,"Online","a","Indiana","Jill Stein",31116,0.55301510798855
86,6,"Pollster 6",2024-10-31,2024-11-05,1668,"Online","a","Indiana","Cornel West",31097,15.0057967529093
86,6,"Pollster 6",2024-10-31,2024-11-05,1668,"Online","a","Indiana","Chase Oliver",31790,2.83456662327772
86,6,"Pollster 6",2024-10-31,2024-11-05,1668,"Online","a","Indiana","Robert F. Kennedy",31042,10.5228664890667
87,9,"Pollster 9",2024-10-15,2024-10-18,1814,"Online Panel","lv","Arkansas","Donald Trump",16651,14.5463991254502
87,9,"Pollster 9",2024-10-15,2024-10-18,1814,"Online Panel","lv","Arkansas","Kamala Harris",16661,18.6182520610963
87,9,"Pollster 9",2024-10-15,2024-10-18,1814,"Online Panel","lv","Arkansas","Jill Stein",31116,9.9316952387284
87,9,"Pollster 9",2024-10-15,2024-10-18,1814,"Online Panel","lv","Arkansas","Cornel West",31097,36.4798974576957
87,9,"Pollster 9",2024-10-15,2024-10-18,1814,"Online Panel","lv","Arkansas","Chase Oliver",31790,9.26863088771737
87,9,"Pollster 9",2024-10-15,2024-10-18,1814,"Online Panel","lv","Arkansas","Robert F. Kennedy",31042,11.155125229312
88,8,"Pollster 8",2024-10-21,2024-10-23,1798,"Live Phone","a","Vermont","Donald Trump",16651,0.782152023486711
88,8,"Pollster 8",2024-10-21,2024-10-23,1798,"Live Phone","a","Vermont","Kamala Harris",16661,25.4336384818715
88,8,"Pollster 8",2024-10-21,2024-10-23,1798,"Live Phone","a","Vermont","Jill Stein",31116,19.2535097812265
88,8,"Pollster 8",2024-10-21,2024-10-23,1798,"Live Phone","a","Vermont","Cornel West",31097,14.7329093032936
88,8,"Pollster 8",2024-10-21,2024-10-23,1798,"Live Phone","a","Vermont","Chase Oliver",31790,36.6494865359599
88,8,"Pollster 8",2024-10-21,2024-10-23,1798,"Live Phone","a","Vermont","Robert F. Kennedy",31042,3.14830387416168
89,10,"Pollster 10",2024-10-20,2024-10-23,1938,"Online","lv","Colorado","Donald Trump",16651,35.2020106074697
89,10,"Pollster 10",2024-10-20,2024-10-23,1938,"Online","lv","Colorado","Kamala Harris",16661,24.7437150541418
89,10,"Pollster 10",2024-10-20,2024-10-23,1938,"Online","lv","Colorado","Jill Stein",31116,2.82795270182215
89,10,"Pollster 10",2024-10-20,2024-10-23,1938,"Online","lv","Colorado","Cornel West",31097,12.5946599901414
89,10,"Pollster 10",2024-10-20,2024-10-23,1938,"Online","lv","Colorado","Chase Oliver",31790,12.3844897599603
89,10,"Pollster 10",2024-10-20,2024-10-23,1938,"Online","lv","Colorado","Robert F. Kennedy",31042,12.2471718864648
90,4,"Pollster 4",2024-10-31,2024-11-01,1552,"Online","lv","Washington","Donald Trump",16651,28.8174892481662
90,4,"Pollster 4",2024-10-31,2024-11-01,1552,"Online","lv","Washington","Kamala Harris",16661,19.1857553680666
90,4,"Pollster 4",2024-10-31,2024-11-01,1552,"Online","lv","Washington","Jill Stein",31116,5.03104908362445
90,4,"Pollster 4",2024-10-31,2024-11-01,1552,"Online","lv","Washington","Cornel West",31097,5.7178580268114
90,4,"Pollster 4",2024-10-31,2024-11-01,1552,"Online","lv","Washington","Chase Oliver",31790,22.8220735997152
90,4,"Pollster 4",2024-10-31,2024-11-01,1552,"Online","lv","Washington","Robert F. Kennedy",31042,18.4257746736162
91,6,"Pollster 6",2024-10-24,2024-10-29,866,"Online","a","Pennsylvania","Donald Trump",16651,9.06628711429424
91,6,"Pollster 6",2024-10-24,2024-10-29,866,"Online","a","Pennsylvania","Kamala Harris",16661,24.0870600890137
91,6,"Pollster 6",2024-10-24,2024-10-29,866,"Online","a","Pennsylvania","Jill Stein",31116,24.1636728726861
91,6,"Pollster 6",2024-10-24,2024-10-29,866,"Online","a","Pennsylvania","Cornel West",31097,11.6794763746791
91,6,"Pollster 6",2024-10-24,2024-10-29,866,"Online","a","Pennsylvania","Chase Oliver",31790,11.5184074696835
91,6,"Pollster 6",2024-10-24,2024-10-29,866,"Online","a","Pennsylvania","Robert F. Kennedy",31042,19.4850960796433
92,7,"Pollster 7",2024-10-26,2024-10-31,1860,"Online","a","Hawaii","Donald Trump",16651,23.2053345563787
92,7,"Pollster 7",2024-10-26,2024-10-31,1860,"Online","a","Hawaii","Kamala Harris",16661,22.5033502834723
92,7,"Pollster 7",2024-10-26,2024-10-31,1860,"Online","a","Hawaii","Jill Stein",31116,3.67371479335168
92,7,"Pollster 7",2024-10-26,2024-10-31,1860,"Online","a","Hawaii","Cornel West",31097,18.1369719109723
92,7,"Pollster 7",2024-10-26,2024-10-31,1860,"Online","a","Hawaii","Chase Oliver",31790,25.1698460670455
92,7,"Pollster 7",2024-10-26,2024-10-31,1860,"Online","a","Hawaii","Robert F. Kennedy",31042,7.3107823887795
93,1,"Pollster 1",2024-10-09,2024-10-14,1905,"Live Phone","lv","Florida","Donald Trump",16651,19.3655144252023
93,1,"Pollster 1",2024-10-09,2024-10-14,1905,"Live Phone","lv","Florida","Kamala Harris",16661,10.4597552576716
93,1,"Pollster 1",2024-10-09,2024-10-14,1905,"Live Phone","lv","Florida","Jill Stein",31116,12.191626101243
93,1,"Pollster 1",2024-10-09,2024-10-14,1905,"Live Phone","lv","Florida","Cornel West",31097,19.1610217854549
93,1,"Pollster 1",2024-10-09,2024-10-14,1905,"Live Phone","lv","Florida","Chase Oliver",31790,12.4165708879108
93,1,"Pollster 1",2024-10-09,2024-10-14,1905,"Live Phone","lv","Florida","Robert F. Kennedy",31042,26.4055115425174
94,6,"Pollster 6",2024-10-28,2024-11-01,588,"Live Phone","a","Minnesota","Donald Trump",16651,20.5257817236915
94,6,"Pollster 6",2024-10-28,2024-11-01,588,"Live Phone","a","Minnesota","Kamala Harris",16661,8.43513546075646
94,6,"Pollster 6",2024-10-28,2024-11-01,588,"Live Phone","a","Minnesota","Jill Stein",31116,21.7675339480091
94,6,"Pollster 6",2024-10-28,2024-11-01,588,"Live Phone","a","Minnesota","Cornel West",31097,26.5715343589656
94,6,"Pollster 6",2024-10-28,2024-11-01,588,"Live Phone","a","Minnesota","Chase Oliver",31790,5.38174636620138
94,6,"Pollster 6",2024-10-28,2024-11-01,588,"Live Phone","a","Minnesota","Robert F. Kennedy",31042,17.318268142376
95,4,"Pollster 4",2024-10-03,2024-10-05,1277,"IVR/Live Phone","a","Missouri","Donald Trump",16651,17.0875593127798
95,4,"Pollster 4",2024-10-03,2024-10-05,1277,"IVR/Live Phone","a","Missouri","Kamala Harris",16661,12.9429209277246
95,4,"Pollster 4",2024-10-03,2024-10-05,1277,"IVR/Live Phone","a","Missouri","Jill Stein",31116,27.3870935995218
95,4,"Pollster 4",2024-10-03,2024-10-05,1277,"IVR/Live Phone","a","Missouri","Cornel West",31097,24.1755004248115
95,4,"Pollster 4",2024-10-03,2024-10-05,1277,"IVR/Live Phone","a","Missouri","Chase Oliver",31790,6.37772250634934
95,4,"Pollster 4",2024-10-03,2024-10-05,1277,"IVR/Live Phone","a","Missouri","Robert F. Kennedy",31042,12.029203228813
96,5,"Pollster 5",2024-10-19,2024-10-21,1668,"Live Phone","a","Kentucky","Donald Trump",16651,1.58683855223785
96,5,"Pollster 5",2024-10-19,2024-10-21,1668,"Live Phone","a","Kentucky","Kamala Harris",16661,14.6525620310256
96,5,"Pollster 5",2024-10-19,2024-10-21,1668,"Live Phone","a","Kentucky","Jill Stein",31116,22.546800732427
96,5,"Pollster 5",2024-10-19,2024-10-21,1668,"Live Phone","a","Kentucky","Cornel West",31097,7.69701582641493
96,5,"Pollster 5",2024-10-19,2024-10-21,1668,"Live Phone","a","Kentucky","Chase Oliver",31790,29.1865453422414
96,5,"Pollster 5",2024-10-19,2024-10-21,1668,"Live Phone","a","Kentucky","Robert F. Kennedy",31042,24.3302375156531
97,8,"Pollster 8",2024-10-01,2024-10-03,1575,"Online","rv","Ohio","Donald Trump",16651,8.37384159098268
97,8,"Pollster 8",2024-10-01,2024-10-03,1575,"Online","rv","Ohio","Kamala Harris",16661,1.59592580043751
97,8,"Pollster 8",2024-10-01,2024-10-03,1575,"Online","rv","Ohio","Jill Stein",31116,12.8553663384199
97,8,"Pollster 8",2024-10-01,2024-10-03,1575,"Online","rv","Ohio","Cornel West",31097,18.4219341582952
97,8,"Pollster 8",2024-10-01,2024-10-03,1575,"Online","rv","Ohio","Chase Oliver",31790,29.470760717914
97,8,"Pollster 8",2024-10-01,2024-10-03,1575,"Online","rv","Ohio","Robert F. Kennedy",31042,29.2821713939506
98,7,"Pollster 7",2024-10-22,2024-10-26,1504,"Online Panel","rv","Nevada","Donald Trump",16651,11.0737369175988
98,7,"Pollster 7",2024-10-22,2024-10-26,1504,"Online Panel","rv","Nevada","Kamala Harris",16661,28.1082151092009
98,7,"Pollster 7",2024-10-22,2024-10-26,1504,"Online Panel","rv","Nevada","Jill Stein",31116,22.4829068111573
98,7,"Pollster 7",2024-10-22,2024-10-26,1504,"Online Panel","rv","Nevada","Cornel West",31097,8.86833974843858
98,7,"Pollster 7",2024-10-22,2024-10-26,1504,"Online Panel","rv","Nevada","Chase Oliver",31790,23.1957687370187
98,7,"Pollster 7",2024-10-22,2024-10-26,1504,"Online Panel","rv","Nevada","Robert F. Kennedy",31042,6.27103267658572
99,7,"Pollster 7",2024-10-31,2024-11-02,1981,"Online","a","Louisiana","Donald Trump",16651,19.3873146057249
99,7,"Pollster 7",2024-10-31,2024-11-02,1981,"Online","a","Louisiana","Kamala Harris",16661,1.35693606214322
99,7,"Pollster 7",2024-10-31,2024-11-02,1981,"Online","a","Louisiana","Jill Stein",31116,40.3299481910912
99,7,"Pollster 7",2024-10-31,2024-11-02,1981,"Online","a","Louisiana","Cornel West",31097,1.60140496447325
99,7,"Pollster 7",2024-10-31,2024-11-02,1981,"Online","a","Louisiana","Chase Oliver",31790,23.4524813022048
99,7,"Pollster 7",2024-10-31,2024-11-02,1981,"Online","a","Louisiana","Robert F. Kennedy",31042,13.8719148743625
100,3,"Pollster 3",2024-10-11,2024-10-15,1202,"Live Phone","lv","Vermont","Donald Trump",16651,11.1574479233378
100,3,"Pollster 3",2024-10-11,2024-10-15,1202,"Live Phone","lv","Vermont","Kamala Harris",16661,12.3381222014361
100,3,"Pollster 3",2024-10-11,2024-10-15,1202,"Live Phone","lv","Vermont","Jill Stein",31116,9.95130910270424
100,3,"Pollster 3",2024-10-11,2024-10-15,1202,"Live Phone","lv","Vermont","Cornel West",31097,22.6510853678572
100,3,"Pollster 3",2024-10-11,2024-10-15,1202,"Live Phone","lv","Vermont","Chase Oliver",31790,25.3164503412448
100,3,"Pollster 3",2024-10-11,2024-10-15,1202,"Live Phone","lv","Vermont","Robert F. Kennedy",31042,18.5855850634199
